{"negative log likelihood": 10.199872730255127, "_timestamp": 1649876076, "_runtime": 13, "_step": 29, "test MSE": 3080.6162109375, "train MSE": 3340.006591796875, "_wandb": {"runtime": 9}}