{"negative log likelihood": 2236.4831541428566, "_timestamp": 1649883691, "_runtime": 118, "_step": 350, "test MSE": 410914.03125, "train MSE": 405392.90625}