{"negative log likelihood": 10.215425450325013, "_timestamp": 1649876244, "_runtime": 11, "_step": 29, "test MSE": 3168.1357421875, "train MSE": 3705.78076171875, "_wandb": {"runtime": 9}}